values,id
-3.01,Autauga County
3.21,Baldwin County
-5.25,Barbour County
2.9,Bibb County
1.31,Blount County
-7.97,Bullock County
3.26,Butler County
-0.95,Calhoun County
-3,Chambers County
7.32,Cherokee County
0.98,Chilton County
-1.58,Choctaw County
-6.57,Clarke County
5.57,Clay County
-6.83,Cleburne County
-3.88,Coffee County
-5.76,Colbert County
-3.35,Conecuh County
-8.64,Coosa County
-0.73,Covington County
-6.38,Crenshaw County
3.42,Cullman County
-0.7,Dale County
-5.48,Dallas County
-0.64,DeKalb County
4.89,Elmore County
2.21,Escambia County
-4.95,Etowah County
2.74,Fayette County
-0.94,Franklin County
0.01,Geneva County
1.24,Greene County
-6.37,Hale County
2.19,Henry County
-1.57,Houston County
-0.4,Jackson County
0.72,Jefferson County
-1.96,Lamar County
1.81,Lauderdale County
-8.08,Lawrence County
-6.25,Lee County
2.48,Limestone County
1.04,Lowndes County
0.24,Macon County
-0.18,Madison County
4.66,Marengo County
1.29,Marion County
5.75,Marshall County
0.13,Mobile County
-3.3,Monroe County
0.14,Montgomery County
2.39,Morgan County
-6.48,Perry County
-0.38,Pickens County
-9.02,Pike County
0.45,Randolph County
-1.77,Russell County
2.11,Shelby County
0.24,St. Clair County
-7.16,Sumter County
1.61,Talladega County
1.01,Tallapoosa County
-0.43,Tuscaloosa County
-0.15,Walker County
1.67,Washington County
-15.99,Wilcox County
-0.34,Winston County
-3.05,Anchorage
-11.5,Bethel
-9.24,Fairbanks North Star
-13.8,Juneau
-4.89,Kenai Peninsula Borough
-20.39,Ketchikan Gateway
-11.89,Kodiak Island
-5.45,Matanuska-Susitna
-8.71,North Slope
-44.05,Sitka
-35,Southeast Fairbanks
-10.77,Valdez-Cordova
3.45,Apache County
-3.75,Cochise County
0.13,Coconino County
11.73,Gila County
1.55,Graham County
-17.02,Greenlee County
-20.44,La Paz County
-6.65,Maricopa County
-3.01,Mohave County
4.25,Navajo County
-6.58,Pima County
-3.52,Pinal County
-9.95,Santa Cruz County
-2.32,Yavapai County
-7.17,Yuma County
-2.4,Arkansas County
-4.94,Ashley County
1.76,Baxter County
3.27,Benton County
-0.18,Boone County
-2.8,Bradley County
0.42,Carroll County
-7.48,Chicot County
-0.27,Clark County
5.57,Clay County
-6.83,Cleburne County
-2.41,Cleveland County
-3.08,Columbia County
1.09,Conway County
-12.41,Craighead County
-2.3,Crawford County
-1.33,Crittenden County
3,Cross County
-5.48,Dallas County
2.58,Desha County
-5.87,Drew County
-9.04,Faulkner County
-0.94,Franklin County
-7.68,Fulton County
5.61,Garland County
3.33,Grant County
1.24,Greene County
1.11,Hempstead County
-3.73,Hot Spring County
1.4,Howard County
0.66,Independence County
-14.73,Izard County
-0.4,Jackson County
0.72,Jefferson County
4.29,Johnson County
-8.08,Lawrence County
-0.85,Lincoln County
0.02,Little River County
1.79,Logan County
-1.01,Lonoke County
-0.18,Madison County
1.29,Marion County
-4.14,Miller County
1.97,Mississippi County
-3.3,Monroe County
0.14,Montgomery County
-12.6,Nevada County
-3.38,Newton County
-6.34,Ouachita County
-6.48,Perry County
-1.3,Phillips County
-9.02,Pike County
0.11,Poinsett County
-0.89,Polk County
-3.79,Pope County
-6.45,Prairie County
-0.25,Pulaski County
0.45,Randolph County
-4.53,Saline County
2.4,Scott County
-18.76,Searcy County
-0.54,Sebastian County
11,Sevier County
1.78,Sharp County
2.37,St. Francis County
1.88,Stone County
0.48,Union County
-2.17,Van Buren County
1.67,Washington County
-0.84,White County
-0.67,Yell County
-14.85,Alameda County
-15.5,Amador County
-7.14,Butte County
-9.68,Calaveras County
-4.9,Colusa County
-11.7,Contra Costa County
-1.03,Del Norte County
-14.57,El Dorado County
-7.14,Fresno County
-4.07,Glenn County
-2.99,Humboldt County
-12.08,Imperial County
-11.73,Inyo County
-3.77,Kern County
-8.06,Kings County
-4.2,Lake County
-0.83,Lassen County
-13.47,Los Angeles County
0.93,Madera County
-16.13,Marin County
-18.18,Mariposa County
-10.74,Mendocino County
0.25,Merced County
-24.71,Modoc County
-37.23,Mono County
-9.3,Monterey County
-9.27,Napa County
-12.6,Nevada County
-5.89,Orange County
-7.69,Placer County
-6.8,Plumas County
-10.81,Riverside County
-9.43,Sacramento County
-17.57,San Benito County
-9.67,San Bernardino County
-15.23,San Diego County
-23.66,San Francisco County
-4.89,San Joaquin County
-13.08,San Luis Obispo County
-15.71,San Mateo County
-12.1,Santa Barbara County
-16.4,Santa Clara County
-9.95,Santa Cruz County
-0.31,Shasta County
0.63,Siskiyou County
-7.88,Solano County
-10.47,Sonoma County
-4.43,Stanislaus County
-12.49,Sutter County
-4.22,Tehama County
-2.61,Trinity County
-2.17,Tulare County
-9.94,Tuolumne County
-11.42,Ventura County
-5.53,Yolo County
-2.46,Yuba County
-0.29,Adams County
-3.99,Alamosa County
-3.95,Arapahoe County
-7.39,Archuleta County
-8.73,Boulder County
-6.28,Broomfield County
-14.57,Chaffee County
-24.26,Clear Creek County
-17,Conejos County
-11.31,Delta County
-9.43,Denver County
-3.64,Douglas County
-19.62,Eagle County
-6.59,El Paso County
-2.56,Elbert County
-1.99,Fremont County
-2.97,Garfield County
-28.95,Gilpin County
-11.21,Grand County
-27.52,Gunnison County
-8.45,Huerfano County
0.72,Jefferson County
-3.35,Kit Carson County
-10.52,La Plata County
-4.2,Lake County
-3.37,Larimer County
-1.41,Las Animas County
-0.85,Lincoln County
1.79,Logan County
5.81,Mesa County
-6.91,Moffat County
1.24,Montezuma County
-5.54,Montrose County
2.39,Morgan County
-2.09,Otero County
-44.17,Ouray County
-8.05,Park County
-36.44,Pitkin County
-1.02,Prowers County
-6.05,Pueblo County
-26.75,Rio Blanco County
-4.19,Rio Grande County
-34.92,Routt County
-28.31,Saguache County
-5.27,San Miguel County
-18.31,Summit County
-6.61,Teller County
-1.23,Weld County
-7.17,Yuma County
-0.99,Fairfield County
-4.13,Hartford County
2.28,Litchfield County
-5.47,Middlesex County
-4.99,New Haven County
-4.14,New London County
-2.01,Tolland County
-10.34,Windham County
-4.02,Kent County
-5.04,New Castle County
2.23,Sussex County
-9.67,Alachua County
-1.14,Baker County
-1.53,Bay County
-2.17,Bradford County
-2.82,Brevard County
-12.83,Broward County
-0.95,Calhoun County
-2,Charlotte County
-2.5,Citrus County
5.57,Clay County
-12.11,Collier County
-3.08,Columbia County
-1.12,DeSoto County
-0.61,Dixie County
-7.3,Duval County
2.21,Escambia County
-1.86,Flagler County
-0.94,Franklin County
-0.7,Gadsden County
-2.48,Gilchrist County
-33.94,Glades County
1.13,Gulf County
2.02,Hamilton County
-9.53,Hardee County
-6.43,Hendry County
-5.55,Hernando County
-8.68,Highlands County
-5.4,Hillsborough County
-3.77,Holmes County
-6.42,Indian River County
-0.4,Jackson County
0.72,Jefferson County
-4.35,Lafayette County
-4.2,Lake County
-6.25,Lee County
-2.25,Leon County
-1.98,Levy County
-4.98,Liberty County
-0.18,Madison County
-5.85,Manatee County
1.29,Marion County
-3.77,Martin County
-16.23,Miami-Dade County
-3.3,Monroe County
-6.41,Nassau County
1.5,Okaloosa County
-8.31,Okeechobee County
-5.89,Orange County
-8.32,Osceola County
-11.36,Palm Beach County
-4.26,Pasco County
-4.48,Pinellas County
-0.89,Polk County
-3.18,Putnam County
6.52,Santa Rosa County
-8.42,Sarasota County
-2.84,Seminole County
-1.41,St. Johns County
-3.83,St. Lucie County
-7.16,Sumter County
0.5,Suwannee County
4.52,Taylor County
0.48,Union County
-0.63,Volusia County
4.17,Wakulla County
3.19,Walton County
1.67,Washington County
-3.34,Appling County
-3.58,Atkinson County
-1.49,Bacon County
3.21,Baldwin County
-7.52,Banks County
-4.01,Barrow County
4.68,Bartow County
0.67,Ben Hill County
7.2,Berrien County
2.9,Bibb County
0.01,Bleckley County
0.2,Brantley County
-3.85,Brooks County
-0.92,Bryan County
-4.06,Bulloch County
4.16,Burke County
0.03,Butts County
0.25,Camden County
-7.9,Candler County
0.42,Carroll County
-0.3,Catoosa County
-0.29,Charlton County
-3.96,Chatham County
-13.08,Chattahoochee County
-3,Chattooga County
7.32,Cherokee County
-6.57,Clarke County
-7.69,Clayton County
-12.17,Clinch County
-4.01,Cobb County
-3.88,Coffee County
-1.66,Colquitt County
-3.08,Columbia County
-4.41,Cook County
0.33,Coweta County
-2.3,Crawford County
-2.47,Crisp County
-3.99,Dade County
0.36,Dawson County
-2.3,Decatur County
-0.64,DeKalb County
-5.79,Dodge County
-15.83,Dooly County
-11.5,Dougherty County
-3.64,Douglas County
-4.82,Early County
-0.86,Effingham County
-2.56,Elbert County
4.38,Emanuel County
-1.18,Evans County
4.85,Fannin County
2.74,Fayette County
-5.95,Floyd County
2.02,Forsyth County
-0.94,Franklin County
-7.68,Fulton County
-6.08,Gilmer County
1.81,Glynn County
-0.9,Gordon County
-2.45,Grady County
1.24,Greene County
-1.47,Gwinnett County
-1.84,Habersham County
2.23,Hall County
-2.93,Hancock County
-2.17,Haralson County
-6.53,Harris County
0.48,Hart County
-1.39,Heard County
2.19,Henry County
-1.57,Houston County
-1.86,Irwin County
-0.4,Jackson County
5.53,Jasper County
-1.54,Jeff Davis County
0.72,Jefferson County
-3.88,Jenkins County
4.29,Johnson County
-2.42,Jones County
-1.96,Lamar County
-10.2,Lanier County
-1.13,Laurens County
-6.25,Lee County
-4.98,Liberty County
-0.85,Lincoln County
-13.06,Long County
1.04,Lowndes County
-2.69,Lumpkin County
0.24,Macon County
-0.18,Madison County
1.29,Marion County
0.73,McDuffie County
4.01,McIntosh County
1.02,Meriwether County
-4.14,Miller County
-20.97,Mitchell County
-3.3,Monroe County
0.14,Montgomery County
2.39,Morgan County
0.07,Murray County
-1.38,Muscogee County
-3.38,Newton County
-2.16,Oconee County
-9.61,Oglethorpe County
-6.92,Paulding County
-1.2,Peach County
-0.38,Pickens County
-1.55,Pierce County
-9.02,Pike County
-0.89,Polk County
-0.25,Pulaski County
-3.18,Putnam County
3.87,Rabun County
0.45,Randolph County
-5.3,Richmond County
-3.27,Rockdale County
1.16,Screven County
-2.84,Seminole County
-1.97,Spalding County
-0.05,Stephens County
-7.16,Sumter County
-7.13,Talbot County
-0.77,Tattnall County
4.52,Taylor County
-0.67,Telfair County
-7.26,Terrell County
2.05,Thomas County
-2.33,Tift County
-4.26,Toombs County
-3.68,Towns County
-7.05,Treutlen County
-0.12,Troup County
0.97,Turner County
-10.77,Twiggs County
0.48,Union County
-1.82,Upson County
-0.15,Walker County
3.19,Walton County
-0.37,Ware County
0.01,Warren County
1.67,Washington County
-0.12,Wayne County
-0.84,White County
-5.35,Whitfield County
-15.99,Wilcox County
-10.32,Wilkes County
-4.38,Wilkinson County
-4.99,Worth County
-16.28,Hawaii County
-15.26,Honolulu County
-18.92,Kauai County
-16.14,Maui County
3.65,Ada County
-0.08,Bannock County
-38.17,Bear Lake County
-4.07,Benewah County
0.73,Bingham County
-21,Blaine County
-40.29,Boise County
-8.12,Bonner County
4.75,Bonneville County
1.44,Boundary County
7.55,Canyon County
-16.1,Caribou County
0.68,Cassia County
-20.05,Clearwater County
4.89,Elmore County
-0.94,Franklin County
-1.99,Fremont County
1.52,Gem County
1.36,Gooding County
-6.14,Idaho County
0.72,Jefferson County
-1.93,Jerome County
9.25,Kootenai County
-7.78,Latah County
-10.29,Lemhi County
-0.85,Lincoln County
-0.18,Madison County
6.38,Minidoka County
-14.27,Nez Perce County
1.27,Owyhee County
-1.06,Payette County
-12.93,Power County
0.08,Shoshone County
-24.16,Teton County
4.31,Twin Falls County
-25.52,Valley County
1.67,Washington County
-0.29,Adams County
1.6,Alexander County
-6.72,Bond County
-0.18,Boone County
-5.08,Bureau County
0.42,Carroll County
-3.64,Cass County
-1.24,Champaign County
-6.88,Christian County
-0.27,Clark County
5.57,Clay County
-2.18,Clinton County
-2.18,Coles County
-4.41,Cook County
-2.3,Crawford County
0.14,Cumberland County
-9.26,De Witt County
-0.64,DeKalb County
-3.64,Douglas County
-8.8,DuPage County
-7.16,Edgar County
-14.14,Edwards County
-0.86,Effingham County
2.74,Fayette County
-3.38,Ford County
-0.94,Franklin County
-7.68,Fulton County
1.24,Greene County
-2.66,Grundy County
2.02,Hamilton County
-2.93,Hancock County
3.67,Henderson County
2.19,Henry County
-4.13,Iroquois County
-0.4,Jackson County
5.53,Jasper County
0.72,Jefferson County
-6.77,Jersey County
-6.06,Jo Daviess County
4.29,Johnson County
-0.65,Kane County
-3.38,Kankakee County
-6.32,Kendall County
0.08,Knox County
-4.2,Lake County
-4.72,LaSalle County
-8.08,Lawrence County
-6.25,Lee County
-2.08,Livingston County
1.79,Logan County
0.24,Macon County
-1.94,Macoupin County
-0.18,Madison County
1.29,Marion County
5.75,Marshall County
4.18,Mason County
-6.3,Massac County
-8.75,McDonough County
-3.83,McHenry County
-7.18,McLean County
-38.82,Menard County
-5.84,Mercer County
-3.3,Monroe County
0.14,Montgomery County
2.39,Morgan County
-20.5,Moultrie County
-0.67,Ogle County
-3.48,Peoria County
-6.48,Perry County
-23.33,Piatt County
-9.02,Pike County
-0.25,Pulaski County
0.45,Randolph County
-3.69,Richland County
-5.7,Rock Island County
-4.53,Saline County
-3.9,Sangamon County
-5.21,Schuyler County
2.11,Shelby County
0.24,St. Clair County
4.9,Stark County
-2.73,Stephenson County
-9.97,Tazewell County
0.48,Union County
-3.81,Vermilion County
-5.35,Wabash County
0.01,Warren County
1.67,Washington County
-0.12,Wayne County
-0.84,White County
-4.13,Whiteside County
-3.02,Will County
-3,Williamson County
-2.15,Winnebago County
-5.6,Woodford County
-0.29,Adams County
-0.75,Allen County
-4.95,Bartholomew County
3.27,Benton County
-7.73,Blackford County
-0.18,Boone County
-6,Brown County
0.42,Carroll County
-3.64,Cass County
-0.27,Clark County
5.57,Clay County
-2.18,Clinton County
-2.3,Crawford County
-1.85,Daviess County
-3.03,Dearborn County
-2.3,Decatur County
-0.64,DeKalb County
2.41,Delaware County
-2.15,Dubois County
0.04,Elkhart County
2.74,Fayette County
-5.95,Floyd County
-5.78,Fountain County
-0.94,Franklin County
-7.68,Fulton County
-0.66,Gibson County
3.33,Grant County
1.24,Greene County
2.02,Hamilton County
-2.93,Hancock County
1.51,Harrison County
-5.65,Hendricks County
2.19,Henry County
1.4,Howard County
-11.73,Huntington County
-0.4,Jackson County
5.53,Jasper County
-8.9,Jay County
0.72,Jefferson County
-2.26,Jennings County
4.29,Johnson County
0.08,Knox County
-4.14,Kosciusko County
-9.02,LaGrange County
-4.2,Lake County
-0.89,LaPorte County
-8.08,Lawrence County
-0.18,Madison County
1.29,Marion County
5.75,Marshall County
-3.77,Martin County
-0.75,Miami County
-3.3,Monroe County
0.14,Montgomery County
2.39,Morgan County
-3.38,Newton County
-5.14,Noble County
-3.8,Ohio County
-5.89,Orange County
-2.23,Owen County
-10.98,Parke County
-6.48,Perry County
-9.02,Pike County
2.31,Porter County
0.12,Posey County
-0.25,Pulaski County
-3.18,Putnam County
0.45,Randolph County
-2.22,Ripley County
-5.58,Rush County
2.4,Scott County
2.11,Shelby County
-3.23,Spencer County
0.45,St. Joseph County
-3.18,Starke County
-4.77,Steuben County
5.58,Sullivan County
-15.3,Switzerland County
-5.74,Tippecanoe County
-1.83,Tipton County
0.48,Union County
-11.56,Vanderburgh County
-2.8,Vermillion County
-3.3,Vigo County
-5.35,Wabash County
0.01,Warren County
-0.61,Warrick County
1.67,Washington County
-0.12,Wayne County
-1.88,Wells County
-0.84,White County
1.81,Whitley County
0.36,Adair County
-12.33,Allamakee County
7.72,Appanoose County
-24.08,Audubon County
3.27,Benton County
-4.44,Black Hawk County
-0.18,Boone County
-6.34,Bremer County
-0.03,Buchanan County
-1.28,Buena Vista County
3.26,Butler County
-0.95,Calhoun County
0.42,Carroll County
-3.64,Cass County
1.91,Cedar County
-2.32,Cerro Gordo County
7.32,Cherokee County
-6.58,Chickasaw County
-6.57,Clarke County
5.57,Clay County
-7.69,Clayton County
-2.18,Clinton County
-2.3,Crawford County
-5.48,Dallas County
2.3,Davis County
-2.3,Decatur County
2.41,Delaware County
-3.51,Des Moines County
-8.1,Dickinson County
-8.97,Dubuque County
-9.2,Emmet County
2.74,Fayette County
-5.95,Floyd County
-0.94,Franklin County
-1.99,Fremont County
1.24,Greene County
-2.66,Grundy County
-15.64,Guthrie County
2.02,Hamilton County
-2.93,Hancock County
-10.34,Hardin County
1.51,Harrison County
2.19,Henry County
1.4,Howard County
-2.99,Humboldt County
-31.75,Ida County
-7.41,Iowa County
-0.4,Jackson County
5.53,Jasper County
0.72,Jefferson County
4.29,Johnson County
-2.42,Jones County
-38.23,Keokuk County
-4.53,Kossuth County
-6.25,Lee County
3.98,Linn County
-0.17,Louisa County
2.27,Lucas County
-3.13,Lyon County
-0.18,Madison County
-8.9,Mahaska County
1.29,Marion County
5.75,Marshall County
-11.89,Mills County
-20.97,Mitchell County
-15.44,Monona County
-3.3,Monroe County
0.14,Montgomery County
6.2,Muscatine County
-4.2,O'Brien County
-8.32,Osceola County
-6.79,Page County
-17.98,Palo Alto County
2.92,Plymouth County
-22.09,Pocahontas County
-0.89,Polk County
2.24,Pottawattamie County
-2.69,Poweshiek County
-9.05,Sac County
2.4,Scott County
2.11,Shelby County
-1.11,Sioux County
-11.99,Story County
-7.41,Tama County
4.52,Taylor County
0.48,Union County
-2.17,Van Buren County
2.33,Wapello County
0.01,Warren County
1.67,Washington County
-0.12,Wayne County
-6.78,Webster County
-2.15,Winnebago County
-11.36,Winneshiek County
-2.29,Woodbury County
-4.99,Worth County
-1.88,Wright County
-0.75,Allen County
1.92,Anderson County
-10.29,Atchison County
-2.29,Barton County
-6.03,Bourbon County
-6,Brown County
3.26,Butler County
7.32,Cherokee County
5.57,Clay County
-7.77,Cloud County
-17.89,Coffey County
-0.47,Cowley County
-2.3,Crawford County
-8.1,Dickinson County
-13.3,Doniphan County
-3.64,Douglas County
0.66,Ellis County
-13.8,Ellsworth County
-4.06,Finney County
-3.38,Ford County
-0.94,Franklin County
-4.48,Geary County
3.33,Grant County
-2.58,Greenwood County
-0.41,Harvey County
-0.4,Jackson County
0.72,Jefferson County
4.29,Johnson County
-27.91,Kingman County
-0.68,Labette County
-4.1,Leavenworth County
3.98,Linn County
-3.13,Lyon County
1.29,Marion County
5.75,Marshall County
-1.54,McPherson County
-0.75,Miami County
-20.97,Mitchell County
0.14,Montgomery County
-4.48,Morris County
-21.64,Nemaha County
-3.95,Neosho County
-1.39,Osage County
6.23,Ottawa County
-5.25,Pawnee County
-9.24,Pottawatomie County
-1.9,Pratt County
-3.92,Reno County
-7.51,Rice County
-16.77,Riley County
-1.77,Russell County
-4.53,Saline County
2.4,Scott County
1.41,Sedgwick County
-2.87,Seward County
11.2,Shawnee County
-8.62,Sherman County
-3.67,Stevens County
8.58,Sumner County
2.05,Thomas County
7.9,Trego County
-18.77,Wabaunsee County
1.67,Washington County
-0.47,Wilson County
4.28,Wyandotte County
0.36,Adair County
-0.75,Allen County
1.92,Anderson County
-9.5,Ballard County
-1.73,Barren County
-31.32,Bath County
0.64,Bell County
-0.18,Boone County
-6.03,Bourbon County
-4.21,Boyd County
-9.37,Boyle County
-10.91,Bracken County
-7.18,Breathitt County
0.79,Breckinridge County
-3.58,Bullitt County
3.26,Butler County
0.97,Caldwell County
-5.15,Calloway County
3.66,Campbell County
0.42,Carroll County
4.65,Carter County
-4.9,Casey County
-6.88,Christian County
-0.27,Clark County
5.57,Clay County
-2.18,Clinton County
-1.33,Crittenden County
-1.85,Daviess County
-11.05,Edmonson County
-4.45,Estill County
2.74,Fayette County
-9.33,Fleming County
-5.95,Floyd County
-0.94,Franklin County
-7.68,Fulton County
-8.42,Gallatin County
-9.41,Garrard County
3.33,Grant County
-2.02,Graves County
7.18,Grayson County
-4.11,Green County
-4.25,Greenup County
-2.93,Hancock County
-10.34,Hardin County
-2.42,Harlan County
1.51,Harrison County
0.48,Hart County
3.67,Henderson County
2.19,Henry County
-1.9,Hopkins County
-0.4,Jackson County
0.72,Jefferson County
-0.77,Jessamine County
4.29,Johnson County
1,Kenton County
0.08,Knox County
-12.28,Larue County
4,Laurel County
-8.08,Lawrence County
-5.2,Letcher County
-0.82,Lewis County
-0.85,Lincoln County
-2.08,Livingston County
1.79,Logan County
-3.13,Lyon County
-0.18,Madison County
1.29,Marion County
5.75,Marshall County
4.18,Mason County
-8.47,McCracken County
-0.77,McCreary County
-7.18,McLean County
-1.71,Meade County
-5.84,Mercer County
-10.69,Metcalfe County
-3.3,Monroe County
0.14,Montgomery County
2.39,Morgan County
-3.45,Muhlenberg County
-4,Nelson County
-3.94,Nicholas County
-3.8,Ohio County
6.14,Oldham County
-2.23,Owen County
-14.76,Pendleton County
-6.48,Perry County
-9.02,Pike County
0.75,Powell County
-0.25,Pulaski County
-6.77,Rockcastle County
3.51,Rowan County
-1.77,Russell County
2.4,Scott County
2.11,Shelby County
-3.13,Simpson County
-3.23,Spencer County
4.52,Taylor County
-6.96,Todd County
-5.72,Trigg County
-12.86,Trimble County
0.48,Union County
0.01,Warren County
1.67,Washington County
-0.12,Wayne County
-6.78,Webster County
1.81,Whitley County
-5.6,Woodford County
-0.46,Acadia Parish
-1.75,Allen Parish
-3.72,Ascension Parish
0.43,Assumption Parish
-0.99,Avoyelles Parish
-3.81,Beauregard Parish
-12.12,Bienville Parish
-7.21,Bossier Parish
-1.77,Caddo Parish
-3.13,Calcasieu Parish
-7.89,Caldwell Parish
7.23,Cameron Parish
-30.63,Catahoula Parish
-8.57,Claiborne Parish
-4.19,Concordia Parish
-0.16,De Soto Parish
-4.11,East Baton Rouge Parish
-4.58,East Feliciana Parish
-1.37,Evangeline Parish
-2.54,Franklin Parish
-3.82,Grant Parish
-2.42,Iberia Parish
-5.4,Iberville Parish
-4.21,Jackson Parish
-5.64,Jefferson Davis Parish
-6.73,Jefferson Parish
-1.75,La Salle Parish
-3.31,Lafayette Parish
-5.89,Lafourche Parish
-7.5,Lincoln Parish
-4.29,Livingston Parish
-6.4,Madison Parish
1.09,Morehouse Parish
-11.13,Natchitoches Parish
-12.85,Orleans Parish
-6.73,Ouachita Parish
-13.92,Plaquemines Parish
-0.22,Pointe Coupee Parish
-6.7,Rapides Parish
-20.55,Red River Parish
0.25,Richland Parish
1.26,Sabine Parish
-3.75,St. Bernard Parish
-4.83,St. Charles Parish
-16.02,St. Helena Parish
-5.51,St. James Parish
-11.75,St. John the Baptist Parish
-0.78,St. Landry Parish
-0.88,St. Martin Parish
-7.63,St. Mary Parish
-1.56,St. Tammany Parish
-1.27,Tangipahoa Parish
-4.75,Terrebonne Parish
0.25,Union Parish
0.08,Vermilion Parish
-5.23,Vernon Parish
-0.81,Washington Parish
-2.32,Webster Parish
-1.63,West Baton Rouge Parish
-5.65,West Carroll Parish
-15.68,West Feliciana Parish
-3.68,Winn Parish
-6.42,Androscoggin County
-3.77,Aroostook County
0.14,Cumberland County
-0.94,Franklin County
-2.93,Hancock County
-6.64,Kennebec County
0.08,Knox County
-0.85,Lincoln County
-5.78,Oxford County
-1.42,Penobscot County
-9.05,Piscataquis County
-6.22,Sagadahoc County
-1.71,Somerset County
-5.7,Waldo County
1.67,Washington County
0.86,York County
-7.94,Allegany County
-6.37,Anne Arundel County
-3.88,Baltimore
-0.25,Baltimore County
-2.36,Calvert County
-9.39,Caroline County
0.42,Carroll County
-5.4,Cecil County
-12.35,Charles County
0.8,Dorchester County
-1.44,Frederick County
-7.6,Garrett County
2.75,Harford County
1.4,Howard County
-4.02,Kent County
0.14,Montgomery County
-3.95,Prince George's County
-10.81,Queen Anne's County
-1.71,Somerset County
-2.2,St. Mary's County
-7.13,Talbot County
1.67,Washington County
-10.83,Wicomico County
-3.41,Worcester County
-2.18,Barnstable County
-5.6,Berkshire County
-6.87,Bristol County
-21.93,Dukes County
-6.19,Essex County
-0.94,Franklin County
-1.12,Hampden County
-1.94,Hampshire County
-5.47,Middlesex County
-13.93,Nantucket County
-5.23,Norfolk County
2.92,Plymouth County
-9.34,Suffolk County
-3.41,Worcester County
-14.57,Alcona County
-26.72,Alger County
-5.98,Allegan County
-8.42,Alpena County
-15,Antrim County
-3.13,Arenac County
-41.3,Baraga County
0.24,Barry County
-1.53,Bay County
-2.2,Benzie County
7.2,Berrien County
-4.2,Branch County
-0.95,Calhoun County
-3.64,Cass County
-17.79,Charlevoix County
-7.31,Cheboygan County
-13.81,Chippewa County
-5.73,Clare County
-2.18,Clinton County
-2.3,Crawford County
-11.31,Delta County
-8.1,Dickinson County
-8.3,Eaton County
-9.2,Emmet County
-1.44,Genesee County
-7.99,Gladwin County
-18.63,Gogebic County
-7.79,Grand Traverse County
-4.58,Gratiot County
-3.24,Hillsdale County
-15.13,Houghton County
-3.69,Huron County
-6.81,Ingham County
-6.36,Ionia County
-7.94,Iosco County
1.57,Iron County
-8.52,Isabella County
-0.4,Jackson County
-3.03,Kalamazoo County
-11.19,Kalkaska County
-4.02,Kent County
-4.2,Lake County
-5.79,Lapeer County
-21.82,Leelanau County
-6.48,Lenawee County
-2.08,Livingston County
-23.8,Luce County
-17.44,Mackinac County
3.68,Macomb County
-10.67,Manistee County
-4.91,Marquette County
4.18,Mason County
-4.85,Mecosta County
-8.87,Menominee County
-5.93,Midland County
-13.36,Missaukee County
-3.3,Monroe County
-2.39,Montcalm County
-14.63,Montmorency County
5.99,Muskegon County
6.05,Newaygo County
-5.99,Oakland County
-2.68,Oceana County
-7.31,Ogemaw County
-8.32,Osceola County
-17.55,Oscoda County
-6.75,Otsego County
6.23,Ottawa County
-20.8,Presque Isle County
-15.78,Roscommon County
-8.94,Saginaw County
-2.07,Sanilac County
-34.31,Schoolcraft County
-5.52,Shiawassee County
0.24,St. Clair County
0.45,St. Joseph County
-4.73,Tuscola County
-2.17,Van Buren County
-8.23,Washtenaw County
-0.12,Wayne County
-5.56,Wexford County
-23.55,Aitkin County
0.07,Anoka County
-3.97,Becker County
-6.88,Beltrami County
3.27,Benton County
-7.7,Blue Earth County
-6,Brown County
-7.41,Carlton County
-6.82,Carver County
-3.64,Cass County
-13.81,Chippewa County
-11.45,Chisago County
5.57,Clay County
-20.05,Clearwater County
-4.41,Cook County
-20.82,Cottonwood County
-10.19,Crow Wing County
0.46,Dakota County
-5.79,Dodge County
-3.64,Douglas County
-9.18,Faribault County
-10.93,Fillmore County
-3.47,Freeborn County
-8.4,Goodhue County
3.33,Grant County
-7.3,Hennepin County
-1.57,Houston County
-6.2,Hubbard County
-8.83,Isanti County
-4.27,Itasca County
-0.4,Jackson County
-6.94,Kanabec County
-4.94,Kandiyohi County
-10.85,Koochiching County
-11.86,Lac qui Parle County
-4.2,Lake County
-71,Lake of the Woods County
9.89,Le Sueur County
-0.85,Lincoln County
-3.13,Lyon County
-25.05,Mahnomen County
5.75,Marshall County
-3.77,Martin County
-2.16,McLeod County
-8.91,Meeker County
-4.88,Mille Lacs County
-14.54,Morrison County
-3.65,Mower County
0.07,Murray County
-7.93,Nicollet County
-9.31,Nobles County
-7.18,Norman County
-4.65,Olmsted County
-2.56,Otter Tail County
5.21,Pennington County
-15.07,Pine County
-9.95,Pipestone County
-0.89,Polk County
-3.79,Pope County
-4.53,Ramsey County
-14.28,Redwood County
-18.08,Renville County
-7.51,Rice County
-1.12,Rock County
-12.9,Roseau County
2.4,Scott County
-12.53,Sherburne County
-20.64,Sibley County
-3.79,St. Louis County
-17.66,Stearns County
-11.88,Steele County
-3.67,Stevens County
-10.61,Swift County
-6.96,Todd County
-6.02,Wabasha County
-4.39,Wadena County
-11.75,Waseca County
1.67,Washington County
-17.32,Watonwan County
-9.55,Wilkin County
-14.51,Winona County
-1.88,Wright County
-26.86,Yellow Medicine County
-0.29,Adams County
-4.21,Alcorn County
-16.36,Amite County
1.39,Attala County
3.27,Benton County
-3.75,Bolivar County
-0.95,Calhoun County
0.42,Carroll County
-6.58,Chickasaw County
0.85,Claiborne County
-6.57,Clarke County
5.57,Clay County
-5.55,Coahoma County
3.95,Copiah County
-0.73,Covington County
-1.12,DeSoto County
-5.18,Forrest County
2.31,George County
1.24,Greene County
1.58,Grenada County
-2.93,Hancock County
1.51,Harrison County
0.17,Hinds County
-3.77,Holmes County
-0.55,Humphreys County
-4.48,Itawamba County
-0.4,Jackson County
5.53,Jasper County
-0.87,Jefferson Davis County
-2.42,Jones County
-19.86,Kemper County
-4.35,Lafayette County
-1.96,Lamar County
1.81,Lauderdale County
-8.08,Lawrence County
-3.75,Leake County
-6.25,Lee County
0.35,Leflore County
-0.85,Lincoln County
1.04,Lowndes County
-0.18,Madison County
1.29,Marion County
5.75,Marshall County
-3.3,Monroe County
0.14,Montgomery County
-1.44,Neshoba County
-3.38,Newton County
-3.91,Noxubee County
-11.12,Oktibbeha County
-2.22,Panola County
0,Pearl River County
-6.48,Perry County
-9.02,Pike County
-3.04,Pontotoc County
-4.26,Prentiss County
-23.43,Quitman County
-5.59,Rankin County
2.4,Scott County
-3.13,Simpson County
1.52,Smith County
1.88,Stone County
-6.83,Sunflower County
-5.41,Tallahatchie County
-1.74,Tate County
-4.65,Tippah County
-2.12,Tishomingo County
-3.7,Tunica County
0.48,Union County
-5.02,Walthall County
0.01,Warren County
1.67,Washington County
-0.12,Wayne County
-6.78,Webster County
-4.38,Wilkinson County
-0.34,Winston County
-5.45,Yalobusha County
2.54,Yazoo County
0.36,Adair County
-14.01,Andrew County
0.72,Audrain County
0.24,Barry County
-2.29,Barton County
-0.96,Bates County
3.27,Benton County
-24.27,Bollinger County
-0.18,Boone County
-0.03,Buchanan County
3.26,Butler County
0.97,Caldwell County
0.61,Callaway County
0.25,Camden County
-6.35,Cape Girardeau County
0.42,Carroll County
-3.64,Cass County
1.91,Cedar County
-23.67,Chariton County
-6.88,Christian County
-0.27,Clark County
5.57,Clay County
-2.18,Clinton County
-0.93,Cole County
-0.6,Cooper County
-2.3,Crawford County
-3.99,Dade County
-5.48,Dallas County
-1.85,Daviess County
-0.64,DeKalb County
2.25,Dent County
-3.64,Douglas County
1.04,Dunklin County
-0.94,Franklin County
-2.85,Gasconade County
1.24,Greene County
-2.66,Grundy County
1.51,Harrison County
2.19,Henry County
-3.36,Hickory County
1.4,Howard County
0.03,Howell County
1.57,Iron County
-0.4,Jackson County
5.53,Jasper County
0.72,Jefferson County
4.29,Johnson County
1.62,Laclede County
-4.35,Lafayette County
-8.08,Lawrence County
-0.82,Lewis County
-0.85,Lincoln County
3.98,Linn County
-2.08,Livingston County
0.24,Macon County
-0.18,Madison County
-6.3,Maries County
1.29,Marion County
1.39,McDonald County
-4.14,Miller County
1.97,Mississippi County
0.76,Moniteau County
-3.3,Monroe County
0.14,Montgomery County
2.39,Morgan County
8.23,New Madrid County
-3.38,Newton County
-3.63,Nodaway County
0.02,Oregon County
-1.39,Osage County
-10.7,Ozark County
-0.02,Pemiscot County
-6.48,Perry County
2.09,Pettis County
-0.12,Phelps County
-9.02,Pike County
-3.78,Platte County
-0.89,Polk County
-0.25,Pulaski County
-22.48,Ralls County
0.45,Randolph County
3.79,Ray County
-2.22,Ripley County
-4.53,Saline County
2.4,Scott County
-9.56,Shannon County
3.98,St. Charles County
0.24,St. Clair County
-4.79,St. Francois County
-3.51,St. Louis
-3.79,St. Louis County
-3.85,Ste. Genevieve County
-1.29,Stoddard County
1.88,Stone County
5.58,Sullivan County
11.33,Taney County
2.99,Texas County
-2.42,Vernon County
0.01,Warren County
1.67,Washington County
-0.12,Wayne County
-6.78,Webster County
-1.88,Wright County
-6.65,Beaverhead County
-6.71,Big Horn County
-21,Blaine County
-17.69,Broadwater County
-3.74,Carbon County
-12.24,Cascade County
-2.13,Custer County
0.36,Dawson County
-15.12,Deer Lodge County
-7.86,Fergus County
-7.77,Flathead County
-8.42,Gallatin County
-19.58,Glacier County
-1.53,Hill County
0.72,Jefferson County
-4.2,Lake County
-6.21,Lewis and Clark County
-0.85,Lincoln County
-0.18,Madison County
-2.88,Missoula County
-8.05,Park County
0.75,Powell County
-4.11,Ravalli County
-3.69,Richland County
-8.41,Roosevelt County
-16.91,Rosebud County
-16.67,Sanders County
-0.51,Silver Bow County
-16.86,Stillwater County
-25.52,Valley County
1.36,Yellowstone County
-0.29,Adams County
-7.98,Box Butte County
-1.99,Buffalo County
-34.52,Burt County
3.26,Butler County
-3.64,Cass County
1.91,Cedar County
-7.59,Cheyenne County
5.57,Clay County
-1.72,Colfax County
-10.88,Cuming County
-2.13,Custer County
0.46,Dakota County
-13.27,Dawes County
0.36,Dawson County
6.06,Deuel County
-14.32,Dixon County
-5.79,Dodge County
-3.64,Douglas County
-10.93,Fillmore County
0.89,Gage County
2.23,Hall County
2.02,Hamilton County
-5.59,Holt County
1.4,Howard County
0.72,Jefferson County
-11,Kearney County
-4.49,Keith County
0.08,Knox County
1.69,Lancaster County
-0.85,Lincoln County
-0.18,Madison County
-17.89,Merrick County
-21.64,Nemaha County
2.71,Otoe County
-0.12,Phelps County
-1.55,Pierce County
-3.78,Platte County
-0.89,Polk County
-6.87,Red Willow County
-4.79,Richardson County
-4.53,Saline County
7.29,Sarpy County
-4.02,Saunders County
-2.15,Scotts Bluff County
-2.87,Seward County
-8,Stanton County
-4.4,Thurston County
1.67,Washington County
-0.12,Wayne County
0.86,York County
-7.27,Carson City
-0.32,Churchill County
-0.27,Clark County
-3.64,Douglas County
3.88,Elko County
-2.99,Humboldt County
-27.37,Lander County
-3.13,Lyon County
-7.38,Mineral County
-14.5,Nye County
-8.81,Pershing County
-37.38,Storey County
-6.75,Washoe County
0.6,White Pine County
-4.42,Belknap County
0.42,Carroll County
-8.09,Cheshire County
-1.62,Coos County
-11.15,Grafton County
-5.4,Hillsborough County
-8.97,Merrimack County
8.13,Rockingham County
-6.26,Strafford County
5.58,Sullivan County
-6.45,Atlantic County
-6.69,Bergen County
-1.77,Burlington County
0.25,Camden County
-3.11,Cape May County
0.14,Cumberland County
-6.19,Essex County
3.31,Gloucester County
-13.24,Hudson County
-10.04,Hunterdon County
-5.84,Mercer County
-5.47,Middlesex County
-2.65,Monmouth County
-4.48,Morris County
-4.77,Ocean County
-4.4,Passaic County
-2.77,Salem County
-1.71,Somerset County
2.23,Sussex County
0.48,Union County
0.01,Warren County
-3.17,Bernalillo County
-16.82,Chaves County
-1.44,Cibola County
-1.72,Colfax County
-0.36,Curry County
-2.85,Do√±a Ana County
-0.8,Eddy County
3.33,Grant County
-1.05,Guadalupe County
-9.31,Hidalgo County
-5.58,Lea County
-0.85,Lincoln County
-20.51,Los Alamos County
-5.62,Luna County
4.98,McKinley County
-2.09,Otero County
2.95,Quay County
-2.35,Rio Arriba County
-8.41,Roosevelt County
-1.95,San Juan County
-5.27,San Miguel County
1.56,Sandoval County
-3.04,Santa Fe County
-2.81,Sierra County
-4.96,Socorro County
-12.97,Taos County
1.38,Torrance County
0.48,Union County
-1.86,Valencia County
-1.39,Albany County
-7.94,Allegany County
-10.85,Bronx County
0.63,Broome County
-4.41,Cattaraugus County
-4.68,Cayuga County
-2.34,Chautauqua County
-12.52,Chemung County
-1.4,Chenango County
-2.18,Clinton County
-3.08,Columbia County
-2.16,Cortland County
2.41,Delaware County
-2.5,Dutchess County
-1.31,Erie County
-6.19,Essex County
-0.94,Franklin County
-7.68,Fulton County
-1.44,Genesee County
1.24,Greene County
-6.88,Herkimer County
0.72,Jefferson County
-8.06,Kings County
-0.82,Lewis County
-2.08,Livingston County
-0.18,Madison County
-3.3,Monroe County
0.14,Montgomery County
-6.41,Nassau County
-25.22,New York County
-2.56,Niagara County
-7.18,Oneida County
-1.46,Onondaga County
-4.46,Ontario County
-5.89,Orange County
-11.32,Orleans County
-0.23,Oswego County
-6.75,Otsego County
-3.18,Putnam County
-9.6,Queens County
-6.7,Rensselaer County
-5.3,Richmond County
-2.32,Rockland County
-2.88,Saratoga County
-4.64,Schenectady County
-3.28,Schoharie County
-5.21,Schuyler County
-7.17,Seneca County
-3.96,St. Lawrence County
-4.77,Steuben County
-9.34,Suffolk County
5.58,Sullivan County
-4.07,Tioga County
-5.94,Tompkins County
0.64,Ulster County
0.01,Warren County
1.67,Washington County
-0.12,Wayne County
-8.42,Westchester County
-2.84,Wyoming County
-4.63,Yates County
3.49,Alamance County
1.6,Alexander County
-8.12,Alleghany County
2.65,Anson County
-3.67,Ashe County
-9.52,Avery County
-3.84,Beaufort County
13.32,Bertie County
-5.22,Bladen County
-0.24,Brunswick County
-5.06,Buncombe County
4.16,Burke County
-0.66,Cabarrus County
0.97,Caldwell County
0.25,Camden County
0.99,Carteret County
1.12,Caswell County
1.68,Catawba County
-3.96,Chatham County
7.32,Cherokee County
-0.48,Chowan County
5.57,Clay County
-2.41,Cleveland County
1.65,Columbus County
-3.34,Craven County
0.14,Cumberland County
-0.04,Currituck County
0.64,Dare County
-4.25,Davidson County
-2.04,Davie County
-2.82,Duplin County
-6.37,Durham County
1.35,Edgecombe County
2.02,Forsyth County
-0.94,Franklin County
4.39,Gaston County
-10.45,Gates County
1.55,Graham County
-1.95,Granville County
1.24,Greene County
-1.12,Guilford County
-1.8,Halifax County
1.66,Harnett County
4.04,Haywood County
3.67,Henderson County
-3.58,Hertford County
0.47,Hoke County
6.46,Iredell County
-0.4,Jackson County
-0.1,Johnston County
-2.42,Jones County
-6.25,Lee County
-1.06,Lenoir County
-0.85,Lincoln County
0.24,Macon County
-0.18,Madison County
-3.77,Martin County
2.49,McDowell County
-1.91,Mecklenburg County
-20.97,Mitchell County
0.14,Montgomery County
-1.3,Moore County
-0.23,Nash County
-6.57,New Hanover County
4.47,Northampton County
-4.47,Onslow County
-5.89,Orange County
1.12,Pamlico County
-2.44,Pasquotank County
-0.69,Pender County
-1.62,Perquimans County
0.57,Person County
-5.38,Pitt County
-0.89,Polk County
0.45,Randolph County
-5.3,Richmond County
-0.57,Robeson County
8.13,Rockingham County
3.51,Rowan County
2.38,Rutherford County
-0.2,Sampson County
-0.21,Scotland County
-0.27,Stanly County
-5.52,Stokes County
0.54,Surry County
-2.81,Swain County
-0.73,Transylvania County
0.48,Union County
-1.12,Vance County
-6.7,Wake County
0.01,Warren County
1.67,Washington County
-8.84,Watauga County
-0.12,Wayne County
-10.32,Wilkes County
-0.47,Wilson County
-1.38,Yadkin County
-3.83,Yancey County
-9.17,Barnes County
-24.96,Bottineau County
-6.37,Burleigh County
-3.64,Cass County
-4.67,Dunn County
-12.51,Grand Forks County
-10.74,McKenzie County
-7.18,McLean County
-5.84,Mercer County
-2.72,Morton County
-8.81,Mountrail County
-6.55,Pembina County
-4.53,Ramsey County
-9,Ransom County
-3.69,Richland County
-25.3,Rolette County
4.9,Stark County
-5.97,Stutsman County
-15.23,Traill County
-15.98,Walsh County
0.31,Ward County
-3.27,Williams County
-0.29,Adams County
-0.75,Allen County
-3.91,Ashland County
3.03,Ashtabula County
-10.72,Athens County
-2.66,Auglaize County
-3.81,Belmont County
-6,Brown County
3.26,Butler County
0.42,Carroll County
-1.24,Champaign County
-0.27,Clark County
5.83,Clermont County
-2.18,Clinton County
-3.33,Columbiana County
-2.07,Coshocton County
-2.3,Crawford County
-3.53,Cuyahoga County
-0.79,Darke County
-3.19,Defiance County
2.41,Delaware County
-1.31,Erie County
-0.99,Fairfield County
2.74,Fayette County
-0.94,Franklin County
-7.68,Fulton County
-2.73,Gallia County
-3.17,Geauga County
1.24,Greene County
-4.61,Guernsey County
2.02,Hamilton County
-2.93,Hancock County
-10.34,Hardin County
1.51,Harrison County
2.19,Henry County
-2.6,Highland County
2.97,Hocking County
-3.77,Holmes County
-3.69,Huron County
-0.4,Jackson County
0.72,Jefferson County
0.08,Knox County
-4.2,Lake County
-8.08,Lawrence County
-1.6,Licking County
1.79,Logan County
1.17,Lorain County
2.27,Lucas County
-0.18,Madison County
0.44,Mahoning County
1.29,Marion County
-11.28,Medina County
-4.92,Meigs County
-5.84,Mercer County
-0.75,Miami County
-3.3,Monroe County
0.14,Montgomery County
2.39,Morgan County
-0.81,Morrow County
-4.86,Muskingum County
-5.14,Noble County
6.23,Ottawa County
-6.92,Paulding County
-6.48,Perry County
-3.11,Pickaway County
-9.02,Pike County
-6.79,Portage County
-0.72,Preble County
-3.18,Putnam County
-3.69,Richland County
-0.32,Ross County
-2.77,Sandusky County
-2.99,Scioto County
-7.17,Seneca County
2.11,Shelby County
4.9,Stark County
-18.31,Summit County
4.5,Trumbull County
-4.38,Tuscarawas County
0.48,Union County
-1.46,Van Wert County
-20.8,Vinton County
0.01,Warren County
1.67,Washington County
-0.12,Wayne County
-3.27,Williams County
-5.87,Wood County
-2,Wyandot County
0.36,Adair County
0.14,Atoka County
1.48,Beckham County
-21,Blaine County
-0.92,Bryan County
1.39,Caddo County
-1.5,Canadian County
4.65,Carter County
7.32,Cherokee County
-1.58,Choctaw County
-2.41,Cleveland County
3.29,Comanche County
-11.33,Cotton County
8.69,Craig County
-4.2,Creek County
-2.13,Custer County
2.41,Delaware County
-2.97,Garfield County
-7.29,Garvin County
-2.45,Grady County
-31,Greer County
-3.22,Haskell County
-5.27,Hughes County
-0.4,Jackson County
0.72,Jefferson County
-0.1,Johnston County
3.64,Kay County
-8.52,Kingfisher County
-1.87,Kiowa County
-5.99,Latimer County
-0.72,Le Flore County
-0.85,Lincoln County
1.79,Logan County
-4.45,Love County
-14.95,Major County
5.75,Marshall County
1.12,Mayes County
-2.29,McClain County
-0.13,McCurtain County
4.01,McIntosh County
0.07,Murray County
-1.3,Muskogee County
-5.14,Noble County
-18.57,Nowata County
-10.23,Okfuskee County
-1.2,Oklahoma County
-0.64,Okmulgee County
-1.39,Osage County
6.23,Ottawa County
-5.25,Pawnee County
-10.88,Payne County
-3.82,Pittsburg County
-3.04,Pontotoc County
-9.24,Pottawatomie County
2.51,Pushmataha County
-3.73,Rogers County
-2.84,Seminole County
0.93,Sequoyah County
-0.05,Stephens County
2.99,Texas County
-10.45,Tillman County
-0.25,Tulsa County
1.27,Wagoner County
1.67,Washington County
-14.44,Washita County
-1.84,Woods County
-1.29,Woodward County
-1.14,Baker County
3.27,Benton County
-4.66,Clackamas County
-3.93,Clatsop County
-3.08,Columbia County
-1.62,Coos County
-5.63,Crook County
-0.36,Curry County
-6.78,Deschutes County
-3.64,Douglas County
3.33,Grant County
-5.35,Harney County
3.26,Hood River County
-0.4,Jackson County
0.72,Jefferson County
1.25,Josephine County
0.63,Klamath County
-4.2,Lake County
-5.03,Lane County
-0.85,Lincoln County
3.98,Linn County
1.63,Malheur County
1.29,Marion County
-0.81,Morrow County
-8.54,Multnomah County
-0.89,Polk County
-8.62,Sherman County
3.12,Tillamook County
1.18,Umatilla County
0.48,Union County
-22.49,Wallowa County
-3.81,Wasco County
1.67,Washington County
-10.76,Yamhill County
-0.29,Adams County
-9.62,Allegheny County
-6.98,Armstrong County
-5.71,Beaver County
-11.67,Bedford County
1.74,Berks County
-15.08,Blair County
-2.17,Bradford County
-1.74,Bucks County
3.26,Butler County
-6.62,Cambria County
-3.74,Carbon County
-8.86,Centre County
-5.98,Chester County
-6.03,Clarion County
-8.64,Clearfield County
-2.18,Clinton County
-3.08,Columbia County
-2.3,Crawford County
0.14,Cumberland County
-6.18,Dauphin County
2.41,Delaware County
-5.24,Elk County
-1.31,Erie County
2.74,Fayette County
-0.94,Franklin County
-7.68,Fulton County
1.24,Greene County
-2.96,Huntingdon County
-6.4,Indiana County
0.72,Jefferson County
-11.22,Juniata County
-1.18,Lackawanna County
1.69,Lancaster County
-8.08,Lawrence County
-9.97,Lebanon County
-0.52,Lehigh County
-2.46,Luzerne County
-9.25,Lycoming County
-2.2,McKean County
-5.84,Mercer County
-3.57,Mifflin County
-3.3,Monroe County
0.14,Montgomery County
-13.63,Montour County
4.47,Northampton County
-5.57,Northumberland County
-6.48,Perry County
-11.67,Philadelphia County
-9.02,Pike County
0.96,Potter County
-9.9,Schuylkill County
-7.77,Snyder County
-1.71,Somerset County
5.58,Sullivan County
-2.46,Susquehanna County
-4.07,Tioga County
0.48,Union County
-13.15,Venango County
0.01,Warren County
1.67,Washington County
-0.12,Wayne County
1.81,Westmoreland County
-2.84,Wyoming County
0.86,York County
-6.87,Bristol County
-4.02,Kent County
-4.83,Newport County
-2.51,Providence County
1.67,Washington County
-3.18,Abbeville County
-0.47,Aiken County
-12.17,Allendale County
1.92,Anderson County
0.13,Bamberg County
-2.66,Barnwell County
-3.84,Beaufort County
-4.89,Berkeley County
-0.95,Calhoun County
-8.61,Charleston County
7.32,Cherokee County
-5.98,Chester County
2.04,Chesterfield County
-0.69,Clarendon County
1.41,Colleton County
-8.38,Darlington County
-3.48,Dillon County
0.8,Dorchester County
-4.11,Edgefield County
-0.99,Fairfield County
-3.76,Florence County
6.34,Georgetown County
-2.16,Greenville County
-2.58,Greenwood County
-2.01,Hampton County
2.02,Horry County
5.53,Jasper County
-5.65,Kershaw County
1.69,Lancaster County
-1.13,Laurens County
-6.25,Lee County
1.37,Lexington County
1.29,Marion County
1.31,Marlboro County
-12.94,McCormick County
-0.32,Newberry County
-2.16,Oconee County
-0.44,Orangeburg County
-0.38,Pickens County
-3.69,Richland County
-4.51,Saluda County
1.11,Spartanburg County
-7.16,Sumter County
0.48,Union County
-0.42,Williamsburg County
0.86,York County
-9.56,Beadle County
-21,Bon Homme County
-7.82,Brookings County
-6,Brown County
-32.19,Brule County
-7.14,Butte County
-33.51,Charles Mix County
5.57,Clay County
-5.64,Codington County
-2.13,Custer County
-3.17,Davison County
-43,Dewey County
-18.45,Fall River County
3.33,Grant County
-23.83,Hamlin County
-5.27,Hughes County
-0.76,Hutchinson County
-19.8,Kingsbury County
-4.2,Lake County
-8.08,Lawrence County
-0.85,Lincoln County
-17.13,McCook County
-1.71,Meade County
0.95,Minnehaha County
-11.14,Moody County
-25.98,Oglala Lakota County
5.21,Pennington County
-12.16,Roberts County
-6.96,Todd County
0.97,Turner County
0.48,Union County
-1.3,Walworth County
-2.73,Yankton County
1.92,Anderson County
-11.67,Bedford County
3.27,Benton County
-14.17,Bledsoe County
1.31,Blount County
-2.8,Bradley County
3.66,Campbell County
1.56,Cannon County
0.42,Carroll County
4.65,Carter County
2.08,Cheatham County
-5.98,Chester County
0.85,Claiborne County
5.57,Clay County
-0.84,Cocke County
-3.88,Coffee County
-4.09,Crockett County
0.14,Cumberland County
-4.25,Davidson County
-2.3,Decatur County
-0.64,DeKalb County
-2.98,Dickson County
-1.56,Dyer County
2.74,Fayette County
1.88,Fentress County
-0.94,Franklin County
-0.66,Gibson County
0.97,Giles County
-3.91,Grainger County
1.24,Greene County
-2.66,Grundy County
-3.04,Hamblen County
2.02,Hamilton County
-2.93,Hancock County
3.11,Hardeman County
-10.34,Hardin County
-0.28,Hawkins County
4.04,Haywood County
3.67,Henderson County
2.19,Henry County
-1.99,Hickman County
-1.57,Houston County
-0.55,Humphreys County
-0.4,Jackson County
0.72,Jefferson County
4.29,Johnson County
0.08,Knox County
1.81,Lauderdale County
-8.08,Lawrence County
-0.82,Lewis County
-0.85,Lincoln County
-0.87,Loudon County
0.24,Macon County
-0.18,Madison County
1.29,Marion County
5.75,Marshall County
-5.37,Maury County
-6.85,McMinn County
-4.31,McNairy County
-4.92,Meigs County
-3.3,Monroe County
0.14,Montgomery County
-1.3,Moore County
2.39,Morgan County
0.34,Obion County
1.6,Overton County
-6.48,Perry County
-0.89,Polk County
-3.18,Putnam County
0.22,Rhea County
-5.35,Roane County
-0.42,Robertson County
2.38,Rutherford County
2.4,Scott County
0.51,Sequatchie County
11,Sevier County
2.11,Shelby County
1.52,Smith County
-0.62,Stewart County
5.58,Sullivan County
8.58,Sumner County
-1.83,Tipton County
-5.84,Trousdale County
1.67,Unicoi County
0.48,Union County
-2.17,Van Buren County
0.01,Warren County
1.67,Washington County
-0.12,Wayne County
-1.97,Weakley County
-0.84,White County
-3,Williamson County
-0.47,Wilson County
1.92,Anderson County
1.93,Andrews County
-9.01,Angelina County
-0.18,Aransas County
-13.32,Archer County
-5.37,Atascosa County
-2.52,Austin County
-6.93,Bailey County
-12.34,Bandera County
-2.83,Bastrop County
-5.59,Bee County
0.64,Bell County
-9.01,Bexar County
-17.14,Blanco County
-1.63,Bosque County
-3.27,Bowie County
-1.79,Brazoria County
-12.6,Brazos County
2.49,Brewster County
-3.85,Brooks County
-6,Brown County
-3.02,Burleson County
-0.73,Burnet County
0.97,Caldwell County
-0.95,Calhoun County
0.73,Callahan County
-10.42,Cameron County
-0.44,Camp County
-0.34,Carson County
-3.64,Cass County
-13.64,Castro County
-3,Chambers County
7.32,Cherokee County
-2.57,Childress County
5.57,Clay County
-8.33,Coke County
-5.59,Coleman County
-7.98,Collin County
-0.97,Colorado County
0.44,Comal County
3.29,Comanche County
-8.7,Cooke County
-0.22,Coryell County
-28.78,Crane County
-4.09,Crockett County
-12.82,Crosby County
-2.98,Culberson County
9.14,Dallam County
-5.48,Dallas County
0.36,Dawson County
-5.79,Deaf Smith County
-2.28,Denton County
-9.08,DeWitt County
-6.01,Dimmit County
8.5,Donley County
-7.3,Duval County
0,Eastland County
-2.23,Ector County
-6.59,El Paso County
0.66,Ellis County
-7.76,Erath County
0.89,Falls County
4.85,Fannin County
2.74,Fayette County
-1.8,Fort Bend County
-0.94,Franklin County
0.62,Freestone County
-4.25,Frio County
-2.23,Gaines County
3.08,Galveston County
-17.06,Garza County
-8.89,Gillespie County
-30.7,Goliad County
-11.98,Gonzales County
-2.84,Gray County
7.18,Grayson County
-1.63,Gregg County
-1.99,Grimes County
-1.05,Guadalupe County
-6.37,Hale County
2.23,Hall County
2.02,Hamilton County
3.11,Hardeman County
-10.34,Hardin County
-6.53,Harris County
1.51,Harrison County
-2,Hartley County
-3.22,Haskell County
-0.16,Hays County
3.67,Henderson County
-9.31,Hidalgo County
-1.53,Hill County
-5.19,Hockley County
-7.76,Hood County
-1.9,Hopkins County
-1.57,Houston County
1.4,Howard County
-5.52,Hunt County
-0.76,Hutchinson County
-14.71,Jack County
-0.4,Jackson County
5.53,Jasper County
0.72,Jefferson County
2.45,Jim Hogg County
-1.77,Jim Wells County
4.29,Johnson County
-2.42,Jones County
-15.59,Karnes County
-8.85,Kaufman County
-6.32,Kendall County
-0.27,Kerr County
16.19,Kimble County
-5.92,Kleberg County
-8.19,La Salle County
-1.96,Lamar County
-1.12,Lamb County
-4.72,Lampasas County
12.86,Lavaca County
-6.25,Lee County
-2.25,Leon County
-4.98,Liberty County
2.48,Limestone County
-5.07,Live Oak County
3.66,Llano County
-21.96,Loving County
-0.2,Lubbock County
-25.9,Lynn County
-0.18,Madison County
1.29,Marion County
-3.77,Martin County
-1.85,Matagorda County
-10.5,Maverick County
-0.34,McCulloch County
-3.08,McLennan County
-23.17,McMullen County
-11.28,Medina County
-5.93,Midland County
-4.47,Milam County
-20.97,Mitchell County
0.78,Montague County
0.14,Montgomery County
-1.3,Moore County
-4.48,Morris County
-5.2,Nacogdoches County
-3.11,Navarro County
-3.38,Newton County
2.18,Nolan County
0.69,Nueces County
-2.75,Ochiltree County
6.14,Oldham County
-5.89,Orange County
-6.56,Palo Pinto County
-2.22,Panola County
-3.05,Parker County
-2.32,Parmer County
2.19,Pecos County
-0.89,Polk County
0.96,Potter County
-19.41,Presidio County
-5.57,Rains County
-1.55,Randall County
-0.28,Reagan County
-4.02,Red River County
-4.93,Reeves County
-0.91,Refugio County
-0.42,Robertson County
-4.79,Rockwall County
-0.95,Runnels County
-2.45,Rusk County
-2.08,Sabine County
-28.32,San Augustine County
-7.99,San Jacinto County
0.38,San Patricio County
-6.93,San Saba County
-1.25,Scurry County
2.11,Shelby County
-8.62,Sherman County
1.52,Smith County
-3.49,Somervell County
-5.9,Starr County
-0.05,Stephens County
-27.42,Sutton County
-6.09,Swisher County
-7.12,Tarrant County
4.52,Taylor County
-3.22,Terry County
0.57,Titus County
-2.32,Tom Green County
-12.56,Travis County
-2.61,Trinity County
3.88,Tyler County
-3.15,Upshur County
-2.71,Upton County
-7.38,Uvalde County
-8.47,Val Verde County
-0.92,Van Zandt County
-8.4,Victoria County
-0.15,Walker County
2.54,Waller County
0.31,Ward County
1.67,Washington County
-10.06,Webb County
-1.79,Wharton County
-5.92,Wichita County
3.76,Wilbarger County
-8.08,Willacy County
-3,Williamson County
-0.47,Wilson County
14.38,Winkler County
-3.94,Wise County
-5.87,Wood County
-8.84,Yoakum County
-1.25,Young County
-5.13,Zapata County
-16.1,Zavala County
-5.71,Beaver County
1.68,Box Elder County
8.94,Cache County
-3.74,Carbon County
2.3,Davis County
0.33,Duchesne County
3.49,Emery County
-2.97,Garfield County
-11.21,Grand County
1.57,Iron County
2.38,Juab County
-0.65,Kane County
26.83,Millard County
2.39,Morgan County
-4.96,Salt Lake County
-1.95,San Juan County
-0.96,Sanpete County
11,Sevier County
-18.31,Summit County
0.52,Tooele County
-4.93,Uintah County
7.31,Utah County
-9.69,Wasatch County
1.67,Washington County
7.04,Weber County
-9.85,Addison County
-10.66,Bennington County
-10.32,Caledonia County
-8.77,Chittenden County
-6.19,Essex County
-0.94,Franklin County
-38.7,Grand Isle County
-18.58,Lamoille County
-5.89,Orange County
-11.32,Orleans County
-10.01,Rutland County
1.67,Washington County
-10.34,Windham County
-18.22,Windsor County
-1.59,Accomack County
-8.95,Albemarle County
-3.56,Alexandria
-8.12,Alleghany County
-9.78,Amelia County
-0.14,Amherst County
-3.57,Appomattox County
-17.8,Arlington County
6.54,Augusta County
-31.32,Bath County
-11.67,Bedford County
-8.48,Bland County
-5.75,Botetourt County
-3.08,Bristol
-0.24,Brunswick County
-0.03,Buchanan County
-3.7,Buckingham County
-22.98,Buena Vista
3.66,Campbell County
-9.39,Caroline County
0.42,Carroll County
-14.05,Charles City County
-2,Charlotte County
-17.24,Charlottesville
1.54,Chesapeake
2.04,Chesterfield County
-6.57,Clarke County
-7.22,Colonial Heights
-10.13,Covington
-2.85,Culpeper County
0.14,Cumberland County
-1.9,Danville
-11.56,Dickenson County
5.06,Dinwiddie County
-0.51,Emporia
-6.19,Essex County
-17.77,Fairfax
-9.43,Fairfax County
-20.35,Falls Church
-7.95,Fauquier County
-5.95,Floyd County
-9.78,Fluvanna County
1.44,Franklin
-0.94,Franklin County
-1.44,Frederick County
-14.66,Fredericksburg
0.57,Galax
0.97,Giles County
3.31,Gloucester County
-13.71,Goochland County
7.18,Grayson County
1.24,Greene County
-2.91,Greensville County
-1.8,Halifax County
1.04,Hampton
-4.69,Hanover County
-6.42,Harrisonburg
-3.85,Henrico County
2.19,Henry County
-2.56,Hopewell
-2.71,Isle of Wight County
-4.9,James City County
-15.14,King and Queen County
-11.1,King George County
-4.61,King William County
1.69,Lancaster County
-6.25,Lee County
-9.98,Lexington
-12.19,Loudoun County
-0.17,Louisa County
-2.63,Lunenburg County
-6.32,Lynchburg
-0.18,Madison County
-7.64,Manassas
-19.63,Manassas Park
-4.35,Martinsville
-19.58,Mathews County
-1.91,Mecklenburg County
-5.47,Middlesex County
0.14,Montgomery County
-4,Nelson County
-5.96,New Kent County
-1.15,Newport News
-3.93,Norfolk
4.47,Northampton County
-5.57,Northumberland County
-5.87,Norton
8.41,Nottoway County
-5.89,Orange County
-6.79,Page County
3.32,Patrick County
-3.22,Petersburg
0.57,Pittsylvania County
-6.61,Poquoson
-1.02,Portsmouth
-6.78,Powhatan County
-10.27,Prince Edward County
-3.64,Prince George County
-2.32,Prince William County
-0.25,Pulaski County
-12.64,Radford
-23.8,Rappahannock County
-0.73,Richmond
-5.3,Richmond County
-3.17,Roanoke
-4.04,Roanoke County
-8.8,Rockbridge County
8.13,Rockingham County
-1.77,Russell County
-4.61,Salem
2.4,Scott County
-3.1,Shenandoah County
-0.84,Smyth County
2.74,Southampton County
-5.79,Spotsylvania County
2.84,Stafford County
-4.63,Staunton
-5.41,Suffolk
0.54,Surry County
2.23,Sussex County
-9.97,Tazewell County
-0.58,Virginia Beach
0.01,Warren County
1.67,Washington County
-5.43,Waynesboro
1.81,Westmoreland County
-19.53,Williamsburg
-13.67,Winchester
-3.94,Wise County
-1.15,Wythe County
0.86,York County
-0.29,Adams County
-5.68,Asotin County
3.27,Benton County
-1.73,Chelan County
2.22,Clallam County
-0.27,Clark County
3.62,Cowlitz County
-3.64,Douglas County
-35,Ferry County
-0.94,Franklin County
3.33,Grant County
2.51,Grays Harbor County
-3.66,Island County
0.72,Jefferson County
-13.13,King County
-4.8,Kitsap County
-4.95,Kittitas County
-8.91,Klickitat County
-0.82,Lewis County
-0.85,Lincoln County
4.18,Mason County
0.45,Okanogan County
0.48,Pacific County
-13.24,Pend Oreille County
-1.55,Pierce County
-1.95,San Juan County
-0.17,Skagit County
-31.24,Skamania County
-6.31,Snohomish County
-0.55,Spokane County
-3.67,Stevens County
-4.4,Thurston County
-8.56,Walla Walla County
-5.62,Whatcom County
-7.43,Whitman County
-2.09,Yakima County
-5.25,Barbour County
-4.89,Berkeley County
-0.18,Boone County
-10.34,Braxton County
-5.94,Brooke County
-11.89,Cabell County
2.74,Fayette County
3.33,Grant County
-6.49,Greenbrier County
-1.94,Hampshire County
-2.93,Hancock County
-4.94,Hardy County
1.51,Harrison County
-0.4,Jackson County
0.72,Jefferson County
-7.2,Kanawha County
-0.82,Lewis County
-0.85,Lincoln County
1.79,Logan County
1.29,Marion County
5.75,Marshall County
4.18,Mason County
2.49,McDowell County
-5.84,Mercer County
-7.38,Mineral County
-39.07,Mingo County
-5.08,Monongalia County
-3.3,Monroe County
2.39,Morgan County
-3.94,Nicholas County
-3.8,Ohio County
-41.65,Pleasants County
-22.09,Pocahontas County
-5.89,Preston County
-3.18,Putnam County
-4.24,Raleigh County
0.45,Randolph County
-17.7,Ritchie County
-5.35,Roane County
-8,Summers County
4.52,Taylor County
-22.58,Tucker County
3.88,Tyler County
-3.15,Upshur County
-0.12,Wayne County
-5.61,Wetzel County
-5.87,Wood County
-2.84,Wyoming County
-0.29,Adams County
-3.91,Ashland County
-14.98,Barron County
-21.41,Bayfield County
-6,Brown County
-1.99,Buffalo County
-7.26,Burnett County
29.34,Calumet County
-13.81,Chippewa County
-0.27,Clark County
-3.08,Columbia County
-2.3,Crawford County
-8.26,Dane County
-5.79,Dodge County
-4.15,Door County
-3.64,Douglas County
-4.67,Dunn County
-5.32,Eau Claire County
-3.76,Florence County
-4.67,Fond du Lac County
-29.3,Forest County
3.33,Grant County
-4.11,Green County
-5.44,Green Lake County
-7.41,Iowa County
1.57,Iron County
-0.4,Jackson County
0.72,Jefferson County
-4.69,Juneau County
-9.09,Kenosha County
-6.03,Kewaunee County
-1.88,La Crosse County
-4.35,Lafayette County
-6.76,Langlade County
-0.85,Lincoln County
-4.52,Manitowoc County
-7.01,Marathon County
-7.27,Marinette County
-4.91,Marquette County
-4.26,Milwaukee County
-3.3,Monroe County
-18.29,Oconto County
-7.18,Oneida County
-7.51,Outagamie County
-2.18,Ozaukee County
-32.44,Pepin County
-1.55,Pierce County
-0.89,Polk County
-6.79,Portage County
-11.81,Price County
-2.87,Racine County
-3.69,Richland County
-1.12,Rock County
-2.45,Rusk County
-5.45,Sauk County
-11.82,Sawyer County
-6.87,Shawano County
-0.3,Sheboygan County
-5.82,St. Croix County
4.52,Taylor County
-6.31,Trempealeau County
-2.42,Vernon County
-28.29,Vilas County
-1.3,Walworth County
-10.94,Washburn County
1.67,Washington County
-2.91,Waukesha County
-8.33,Waupaca County
-5.8,Waushara County
-2.15,Winnebago County
-5.87,Wood County
-1.39,Albany County
-6.71,Big Horn County
3.66,Campbell County
-3.74,Carbon County
-14.45,Converse County
-5.63,Crook County
-1.99,Fremont County
-7.13,Goshen County
4.29,Johnson County
-0.92,Laramie County
-0.85,Lincoln County
-1.06,Natrona County
-8.05,Park County
-3.78,Platte County
0.95,Sheridan County
-22.78,Sublette County
-0.29,Sweetwater County
-24.16,Teton County
2.01,Uinta County
-8.23,Washakie County
-27.74,Weston County